id,target
boostcamp-sts-v1-test-000,3.9
boostcamp-sts-v1-test-001,4.3
boostcamp-sts-v1-test-002,2.1
boostcamp-sts-v1-test-003,0.3
boostcamp-sts-v1-test-004,3.3
boostcamp-sts-v1-test-005,2.9
boostcamp-sts-v1-test-006,4.1
boostcamp-sts-v1-test-007,1.6
boostcamp-sts-v1-test-008,0.1
boostcamp-sts-v1-test-009,4.9
boostcamp-sts-v1-test-010,1.5
boostcamp-sts-v1-test-011,2.6
boostcamp-sts-v1-test-012,3.0
boostcamp-sts-v1-test-013,2.1
boostcamp-sts-v1-test-014,1.2
boostcamp-sts-v1-test-015,4.5
boostcamp-sts-v1-test-016,5.1
boostcamp-sts-v1-test-017,2.8
boostcamp-sts-v1-test-018,5.0
boostcamp-sts-v1-test-019,4.3
boostcamp-sts-v1-test-020,2.8
boostcamp-sts-v1-test-021,2.5
boostcamp-sts-v1-test-022,2.3
boostcamp-sts-v1-test-023,0.8
boostcamp-sts-v1-test-024,1.6
boostcamp-sts-v1-test-025,2.7
boostcamp-sts-v1-test-026,1.3
boostcamp-sts-v1-test-027,1.1
boostcamp-sts-v1-test-028,3.7
boostcamp-sts-v1-test-029,2.7
boostcamp-sts-v1-test-030,4.4
boostcamp-sts-v1-test-031,0.5
boostcamp-sts-v1-test-032,2.3
boostcamp-sts-v1-test-033,2.3
boostcamp-sts-v1-test-034,2.8
boostcamp-sts-v1-test-035,0.4
boostcamp-sts-v1-test-036,3.4
boostcamp-sts-v1-test-037,0.2
boostcamp-sts-v1-test-038,1.4
boostcamp-sts-v1-test-039,3.3
boostcamp-sts-v1-test-040,0.4
boostcamp-sts-v1-test-041,4.0
boostcamp-sts-v1-test-042,0.4
boostcamp-sts-v1-test-043,1.3
boostcamp-sts-v1-test-044,2.8
boostcamp-sts-v1-test-045,5.4
boostcamp-sts-v1-test-046,2.2
boostcamp-sts-v1-test-047,2.1
boostcamp-sts-v1-test-048,0.1
boostcamp-sts-v1-test-049,3.6
boostcamp-sts-v1-test-050,-0.0
boostcamp-sts-v1-test-051,1.8
boostcamp-sts-v1-test-052,2.8
boostcamp-sts-v1-test-053,3.1
boostcamp-sts-v1-test-054,4.3
boostcamp-sts-v1-test-055,2.0
boostcamp-sts-v1-test-056,3.6
boostcamp-sts-v1-test-057,1.0
boostcamp-sts-v1-test-058,2.3
boostcamp-sts-v1-test-059,3.6
boostcamp-sts-v1-test-060,4.3
boostcamp-sts-v1-test-061,3.7
boostcamp-sts-v1-test-062,1.9
boostcamp-sts-v1-test-063,2.1
boostcamp-sts-v1-test-064,2.1
boostcamp-sts-v1-test-065,4.3
boostcamp-sts-v1-test-066,3.2
boostcamp-sts-v1-test-067,0.8
boostcamp-sts-v1-test-068,2.6
boostcamp-sts-v1-test-069,2.7
boostcamp-sts-v1-test-070,0.6
boostcamp-sts-v1-test-071,3.0
boostcamp-sts-v1-test-072,5.2
boostcamp-sts-v1-test-073,4.7
boostcamp-sts-v1-test-074,0.2
boostcamp-sts-v1-test-075,1.6
boostcamp-sts-v1-test-076,2.9
boostcamp-sts-v1-test-077,2.2
boostcamp-sts-v1-test-078,2.3
boostcamp-sts-v1-test-079,4.0
boostcamp-sts-v1-test-080,1.2
boostcamp-sts-v1-test-081,3.6
boostcamp-sts-v1-test-082,1.7
boostcamp-sts-v1-test-083,2.1
boostcamp-sts-v1-test-084,1.0
boostcamp-sts-v1-test-085,5.2
boostcamp-sts-v1-test-086,4.2
boostcamp-sts-v1-test-087,1.5
boostcamp-sts-v1-test-088,4.1
boostcamp-sts-v1-test-089,3.8
boostcamp-sts-v1-test-090,4.9
boostcamp-sts-v1-test-091,2.1
boostcamp-sts-v1-test-092,0.7
boostcamp-sts-v1-test-093,1.8
boostcamp-sts-v1-test-094,4.7
boostcamp-sts-v1-test-095,1.6
boostcamp-sts-v1-test-096,2.1
boostcamp-sts-v1-test-097,3.1
boostcamp-sts-v1-test-098,0.5
boostcamp-sts-v1-test-099,3.7
boostcamp-sts-v1-test-100,1.9
boostcamp-sts-v1-test-101,5.1
boostcamp-sts-v1-test-102,5.2
boostcamp-sts-v1-test-103,3.6
boostcamp-sts-v1-test-104,4.2
boostcamp-sts-v1-test-105,0.5
boostcamp-sts-v1-test-106,3.6
boostcamp-sts-v1-test-107,3.5
boostcamp-sts-v1-test-108,2.6
boostcamp-sts-v1-test-109,3.7
boostcamp-sts-v1-test-110,3.2
boostcamp-sts-v1-test-111,0.1
boostcamp-sts-v1-test-112,-0.0
boostcamp-sts-v1-test-113,2.9
boostcamp-sts-v1-test-114,1.0
boostcamp-sts-v1-test-115,2.3
boostcamp-sts-v1-test-116,0.1
boostcamp-sts-v1-test-117,5.2
boostcamp-sts-v1-test-118,2.9
boostcamp-sts-v1-test-119,3.6
boostcamp-sts-v1-test-120,4.4
boostcamp-sts-v1-test-121,2.0
boostcamp-sts-v1-test-122,1.8
boostcamp-sts-v1-test-123,3.6
boostcamp-sts-v1-test-124,3.5
boostcamp-sts-v1-test-125,1.8
boostcamp-sts-v1-test-126,3.8
boostcamp-sts-v1-test-127,4.9
boostcamp-sts-v1-test-128,4.2
boostcamp-sts-v1-test-129,5.0
boostcamp-sts-v1-test-130,3.4
boostcamp-sts-v1-test-131,4.0
boostcamp-sts-v1-test-132,4.8
boostcamp-sts-v1-test-133,2.4
boostcamp-sts-v1-test-134,5.3
boostcamp-sts-v1-test-135,4.0
boostcamp-sts-v1-test-136,1.2
boostcamp-sts-v1-test-137,4.0
boostcamp-sts-v1-test-138,2.6
boostcamp-sts-v1-test-139,2.4
boostcamp-sts-v1-test-140,4.4
boostcamp-sts-v1-test-141,1.2
boostcamp-sts-v1-test-142,3.2
boostcamp-sts-v1-test-143,4.3
boostcamp-sts-v1-test-144,0.7
boostcamp-sts-v1-test-145,0.5
boostcamp-sts-v1-test-146,0.8
boostcamp-sts-v1-test-147,0.8
boostcamp-sts-v1-test-148,0.5
boostcamp-sts-v1-test-149,4.2
boostcamp-sts-v1-test-150,2.0
boostcamp-sts-v1-test-151,4.9
boostcamp-sts-v1-test-152,2.1
boostcamp-sts-v1-test-153,2.2
boostcamp-sts-v1-test-154,1.1
boostcamp-sts-v1-test-155,0.5
boostcamp-sts-v1-test-156,4.9
boostcamp-sts-v1-test-157,5.2
boostcamp-sts-v1-test-158,4.8
boostcamp-sts-v1-test-159,1.2
boostcamp-sts-v1-test-160,5.0
boostcamp-sts-v1-test-161,0.7
boostcamp-sts-v1-test-162,3.1
boostcamp-sts-v1-test-163,1.2
boostcamp-sts-v1-test-164,3.5
boostcamp-sts-v1-test-165,5.1
boostcamp-sts-v1-test-166,0.7
boostcamp-sts-v1-test-167,4.0
boostcamp-sts-v1-test-168,0.8
boostcamp-sts-v1-test-169,4.3
boostcamp-sts-v1-test-170,3.2
boostcamp-sts-v1-test-171,2.0
boostcamp-sts-v1-test-172,4.4
boostcamp-sts-v1-test-173,1.1
boostcamp-sts-v1-test-174,4.3
boostcamp-sts-v1-test-175,2.2
boostcamp-sts-v1-test-176,0.1
boostcamp-sts-v1-test-177,5.1
boostcamp-sts-v1-test-178,1.6
boostcamp-sts-v1-test-179,4.2
boostcamp-sts-v1-test-180,2.8
boostcamp-sts-v1-test-181,2.6
boostcamp-sts-v1-test-182,2.4
boostcamp-sts-v1-test-183,0.7
boostcamp-sts-v1-test-184,2.5
boostcamp-sts-v1-test-185,4.3
boostcamp-sts-v1-test-186,2.6
boostcamp-sts-v1-test-187,3.5
boostcamp-sts-v1-test-188,-0.0
boostcamp-sts-v1-test-189,3.7
boostcamp-sts-v1-test-190,3.2
boostcamp-sts-v1-test-191,1.3
boostcamp-sts-v1-test-192,1.3
boostcamp-sts-v1-test-193,2.6
boostcamp-sts-v1-test-194,2.0
boostcamp-sts-v1-test-195,1.6
boostcamp-sts-v1-test-196,1.5
boostcamp-sts-v1-test-197,4.2
boostcamp-sts-v1-test-198,4.1
boostcamp-sts-v1-test-199,0.6
boostcamp-sts-v1-test-200,3.1
boostcamp-sts-v1-test-201,3.7
boostcamp-sts-v1-test-202,4.9
boostcamp-sts-v1-test-203,0.4
boostcamp-sts-v1-test-204,2.0
boostcamp-sts-v1-test-205,2.1
boostcamp-sts-v1-test-206,1.6
boostcamp-sts-v1-test-207,1.9
boostcamp-sts-v1-test-208,0.7
boostcamp-sts-v1-test-209,3.3
boostcamp-sts-v1-test-210,2.2
boostcamp-sts-v1-test-211,2.6
boostcamp-sts-v1-test-212,0.8
boostcamp-sts-v1-test-213,0.8
boostcamp-sts-v1-test-214,4.4
boostcamp-sts-v1-test-215,3.8
boostcamp-sts-v1-test-216,3.8
boostcamp-sts-v1-test-217,1.6
boostcamp-sts-v1-test-218,1.6
boostcamp-sts-v1-test-219,0.9
boostcamp-sts-v1-test-220,3.4
boostcamp-sts-v1-test-221,3.0
boostcamp-sts-v1-test-222,4.3
boostcamp-sts-v1-test-223,3.0
boostcamp-sts-v1-test-224,4.6
boostcamp-sts-v1-test-225,3.8
boostcamp-sts-v1-test-226,4.1
boostcamp-sts-v1-test-227,2.8
boostcamp-sts-v1-test-228,3.1
boostcamp-sts-v1-test-229,0.0
boostcamp-sts-v1-test-230,1.4
boostcamp-sts-v1-test-231,0.9
boostcamp-sts-v1-test-232,3.6
boostcamp-sts-v1-test-233,1.6
boostcamp-sts-v1-test-234,-0.1
boostcamp-sts-v1-test-235,2.4
boostcamp-sts-v1-test-236,2.0
boostcamp-sts-v1-test-237,2.4
boostcamp-sts-v1-test-238,2.8
boostcamp-sts-v1-test-239,2.2
boostcamp-sts-v1-test-240,1.6
boostcamp-sts-v1-test-241,1.3
boostcamp-sts-v1-test-242,0.5
boostcamp-sts-v1-test-243,5.0
boostcamp-sts-v1-test-244,2.2
boostcamp-sts-v1-test-245,4.3
boostcamp-sts-v1-test-246,3.1
boostcamp-sts-v1-test-247,4.0
boostcamp-sts-v1-test-248,4.4
boostcamp-sts-v1-test-249,3.9
boostcamp-sts-v1-test-250,0.7
boostcamp-sts-v1-test-251,0.9
boostcamp-sts-v1-test-252,-0.0
boostcamp-sts-v1-test-253,3.5
boostcamp-sts-v1-test-254,3.1
boostcamp-sts-v1-test-255,5.1
boostcamp-sts-v1-test-256,3.6
boostcamp-sts-v1-test-257,1.4
boostcamp-sts-v1-test-258,4.3
boostcamp-sts-v1-test-259,3.1
boostcamp-sts-v1-test-260,4.8
boostcamp-sts-v1-test-261,4.6
boostcamp-sts-v1-test-262,4.2
boostcamp-sts-v1-test-263,4.2
boostcamp-sts-v1-test-264,5.1
boostcamp-sts-v1-test-265,4.2
boostcamp-sts-v1-test-266,4.3
boostcamp-sts-v1-test-267,2.8
boostcamp-sts-v1-test-268,0.8
boostcamp-sts-v1-test-269,0.2
boostcamp-sts-v1-test-270,4.7
boostcamp-sts-v1-test-271,1.6
boostcamp-sts-v1-test-272,2.7
boostcamp-sts-v1-test-273,5.2
boostcamp-sts-v1-test-274,4.2
boostcamp-sts-v1-test-275,4.4
boostcamp-sts-v1-test-276,2.2
boostcamp-sts-v1-test-277,1.4
boostcamp-sts-v1-test-278,3.0
boostcamp-sts-v1-test-279,4.9
boostcamp-sts-v1-test-280,1.0
boostcamp-sts-v1-test-281,4.5
boostcamp-sts-v1-test-282,4.3
boostcamp-sts-v1-test-283,0.2
boostcamp-sts-v1-test-284,3.6
boostcamp-sts-v1-test-285,1.7
boostcamp-sts-v1-test-286,2.1
boostcamp-sts-v1-test-287,3.9
boostcamp-sts-v1-test-288,0.1
boostcamp-sts-v1-test-289,0.1
boostcamp-sts-v1-test-290,1.0
boostcamp-sts-v1-test-291,0.1
boostcamp-sts-v1-test-292,3.5
boostcamp-sts-v1-test-293,2.6
boostcamp-sts-v1-test-294,2.1
boostcamp-sts-v1-test-295,3.1
boostcamp-sts-v1-test-296,2.6
boostcamp-sts-v1-test-297,-0.1
boostcamp-sts-v1-test-298,5.2
boostcamp-sts-v1-test-299,0.8
boostcamp-sts-v1-test-300,5.1
boostcamp-sts-v1-test-301,3.1
boostcamp-sts-v1-test-302,1.0
boostcamp-sts-v1-test-303,2.5
boostcamp-sts-v1-test-304,3.3
boostcamp-sts-v1-test-305,2.2
boostcamp-sts-v1-test-306,1.6
boostcamp-sts-v1-test-307,4.9
boostcamp-sts-v1-test-308,1.0
boostcamp-sts-v1-test-309,1.2
boostcamp-sts-v1-test-310,4.2
boostcamp-sts-v1-test-311,2.0
boostcamp-sts-v1-test-312,0.2
boostcamp-sts-v1-test-313,5.1
boostcamp-sts-v1-test-314,2.4
boostcamp-sts-v1-test-315,3.1
boostcamp-sts-v1-test-316,4.1
boostcamp-sts-v1-test-317,1.0
boostcamp-sts-v1-test-318,4.9
boostcamp-sts-v1-test-319,1.4
boostcamp-sts-v1-test-320,0.6
boostcamp-sts-v1-test-321,0.4
boostcamp-sts-v1-test-322,4.1
boostcamp-sts-v1-test-323,0.9
boostcamp-sts-v1-test-324,1.0
boostcamp-sts-v1-test-325,5.0
boostcamp-sts-v1-test-326,4.1
boostcamp-sts-v1-test-327,1.7
boostcamp-sts-v1-test-328,3.4
boostcamp-sts-v1-test-329,0.4
boostcamp-sts-v1-test-330,1.2
boostcamp-sts-v1-test-331,3.6
boostcamp-sts-v1-test-332,3.9
boostcamp-sts-v1-test-333,4.9
boostcamp-sts-v1-test-334,1.8
boostcamp-sts-v1-test-335,4.1
boostcamp-sts-v1-test-336,3.6
boostcamp-sts-v1-test-337,2.0
boostcamp-sts-v1-test-338,4.7
boostcamp-sts-v1-test-339,1.8
boostcamp-sts-v1-test-340,1.2
boostcamp-sts-v1-test-341,5.3
boostcamp-sts-v1-test-342,2.8
boostcamp-sts-v1-test-343,2.5
boostcamp-sts-v1-test-344,5.0
boostcamp-sts-v1-test-345,3.6
boostcamp-sts-v1-test-346,2.3
boostcamp-sts-v1-test-347,2.7
boostcamp-sts-v1-test-348,2.5
boostcamp-sts-v1-test-349,1.7
boostcamp-sts-v1-test-350,4.9
boostcamp-sts-v1-test-351,2.7
boostcamp-sts-v1-test-352,2.7
boostcamp-sts-v1-test-353,0.5
boostcamp-sts-v1-test-354,-0.1
boostcamp-sts-v1-test-355,1.7
boostcamp-sts-v1-test-356,4.1
boostcamp-sts-v1-test-357,0.9
boostcamp-sts-v1-test-358,2.9
boostcamp-sts-v1-test-359,3.5
boostcamp-sts-v1-test-360,4.2
boostcamp-sts-v1-test-361,1.1
boostcamp-sts-v1-test-362,2.9
boostcamp-sts-v1-test-363,-0.1
boostcamp-sts-v1-test-364,3.0
boostcamp-sts-v1-test-365,5.3
boostcamp-sts-v1-test-366,1.4
boostcamp-sts-v1-test-367,0.9
boostcamp-sts-v1-test-368,0.0
boostcamp-sts-v1-test-369,0.5
boostcamp-sts-v1-test-370,1.6
boostcamp-sts-v1-test-371,4.4
boostcamp-sts-v1-test-372,3.5
boostcamp-sts-v1-test-373,-0.0
boostcamp-sts-v1-test-374,0.4
boostcamp-sts-v1-test-375,4.5
boostcamp-sts-v1-test-376,2.9
boostcamp-sts-v1-test-377,2.3
boostcamp-sts-v1-test-378,5.3
boostcamp-sts-v1-test-379,4.9
boostcamp-sts-v1-test-380,2.0
boostcamp-sts-v1-test-381,-0.0
boostcamp-sts-v1-test-382,2.1
boostcamp-sts-v1-test-383,2.1
boostcamp-sts-v1-test-384,0.9
boostcamp-sts-v1-test-385,2.8
boostcamp-sts-v1-test-386,3.7
boostcamp-sts-v1-test-387,1.5
boostcamp-sts-v1-test-388,1.8
boostcamp-sts-v1-test-389,2.1
boostcamp-sts-v1-test-390,4.3
boostcamp-sts-v1-test-391,1.9
boostcamp-sts-v1-test-392,0.9
boostcamp-sts-v1-test-393,5.2
boostcamp-sts-v1-test-394,4.1
boostcamp-sts-v1-test-395,3.5
boostcamp-sts-v1-test-396,0.6
boostcamp-sts-v1-test-397,4.2
boostcamp-sts-v1-test-398,1.9
boostcamp-sts-v1-test-399,1.0
boostcamp-sts-v1-test-400,2.3
boostcamp-sts-v1-test-401,1.1
boostcamp-sts-v1-test-402,1.4
boostcamp-sts-v1-test-403,5.2
boostcamp-sts-v1-test-404,5.2
boostcamp-sts-v1-test-405,0.5
boostcamp-sts-v1-test-406,4.1
boostcamp-sts-v1-test-407,1.4
boostcamp-sts-v1-test-408,3.3
boostcamp-sts-v1-test-409,5.0
boostcamp-sts-v1-test-410,2.8
boostcamp-sts-v1-test-411,1.3
boostcamp-sts-v1-test-412,0.3
boostcamp-sts-v1-test-413,3.9
boostcamp-sts-v1-test-414,3.3
boostcamp-sts-v1-test-415,0.6
boostcamp-sts-v1-test-416,3.2
boostcamp-sts-v1-test-417,3.1
boostcamp-sts-v1-test-418,4.9
boostcamp-sts-v1-test-419,2.0
boostcamp-sts-v1-test-420,4.2
boostcamp-sts-v1-test-421,3.7
boostcamp-sts-v1-test-422,3.8
boostcamp-sts-v1-test-423,4.2
boostcamp-sts-v1-test-424,2.8
boostcamp-sts-v1-test-425,1.5
boostcamp-sts-v1-test-426,2.4
boostcamp-sts-v1-test-427,4.6
boostcamp-sts-v1-test-428,3.8
boostcamp-sts-v1-test-429,3.0
boostcamp-sts-v1-test-430,0.7
boostcamp-sts-v1-test-431,1.5
boostcamp-sts-v1-test-432,2.2
boostcamp-sts-v1-test-433,1.6
boostcamp-sts-v1-test-434,0.1
boostcamp-sts-v1-test-435,2.6
boostcamp-sts-v1-test-436,2.4
boostcamp-sts-v1-test-437,1.7
boostcamp-sts-v1-test-438,2.4
boostcamp-sts-v1-test-439,3.4
boostcamp-sts-v1-test-440,0.3
boostcamp-sts-v1-test-441,2.5
boostcamp-sts-v1-test-442,3.4
boostcamp-sts-v1-test-443,1.1
boostcamp-sts-v1-test-444,4.1
boostcamp-sts-v1-test-445,0.7
boostcamp-sts-v1-test-446,3.9
boostcamp-sts-v1-test-447,1.3
boostcamp-sts-v1-test-448,4.6
boostcamp-sts-v1-test-449,3.8
boostcamp-sts-v1-test-450,2.3
boostcamp-sts-v1-test-451,1.6
boostcamp-sts-v1-test-452,3.8
boostcamp-sts-v1-test-453,1.8
boostcamp-sts-v1-test-454,2.3
boostcamp-sts-v1-test-455,1.7
boostcamp-sts-v1-test-456,0.9
boostcamp-sts-v1-test-457,2.4
boostcamp-sts-v1-test-458,0.6
boostcamp-sts-v1-test-459,2.8
boostcamp-sts-v1-test-460,0.0
boostcamp-sts-v1-test-461,4.4
boostcamp-sts-v1-test-462,4.4
boostcamp-sts-v1-test-463,3.3
boostcamp-sts-v1-test-464,1.2
boostcamp-sts-v1-test-465,0.1
boostcamp-sts-v1-test-466,2.2
boostcamp-sts-v1-test-467,1.6
boostcamp-sts-v1-test-468,2.9
boostcamp-sts-v1-test-469,1.7
boostcamp-sts-v1-test-470,3.0
boostcamp-sts-v1-test-471,2.0
boostcamp-sts-v1-test-472,4.0
boostcamp-sts-v1-test-473,2.5
boostcamp-sts-v1-test-474,2.1
boostcamp-sts-v1-test-475,-0.1
boostcamp-sts-v1-test-476,4.0
boostcamp-sts-v1-test-477,2.0
boostcamp-sts-v1-test-478,1.9
boostcamp-sts-v1-test-479,2.1
boostcamp-sts-v1-test-480,4.4
boostcamp-sts-v1-test-481,1.1
boostcamp-sts-v1-test-482,5.3
boostcamp-sts-v1-test-483,5.0
boostcamp-sts-v1-test-484,1.9
boostcamp-sts-v1-test-485,3.4
boostcamp-sts-v1-test-486,1.8
boostcamp-sts-v1-test-487,3.6
boostcamp-sts-v1-test-488,0.2
boostcamp-sts-v1-test-489,1.4
boostcamp-sts-v1-test-490,4.3
boostcamp-sts-v1-test-491,1.8
boostcamp-sts-v1-test-492,2.5
boostcamp-sts-v1-test-493,0.2
boostcamp-sts-v1-test-494,4.2
boostcamp-sts-v1-test-495,-0.0
boostcamp-sts-v1-test-496,4.9
boostcamp-sts-v1-test-497,5.2
boostcamp-sts-v1-test-498,3.5
boostcamp-sts-v1-test-499,2.6
boostcamp-sts-v1-test-500,1.0
boostcamp-sts-v1-test-501,4.9
boostcamp-sts-v1-test-502,3.8
boostcamp-sts-v1-test-503,2.0
boostcamp-sts-v1-test-504,5.2
boostcamp-sts-v1-test-505,0.5
boostcamp-sts-v1-test-506,1.0
boostcamp-sts-v1-test-507,0.8
boostcamp-sts-v1-test-508,0.0
boostcamp-sts-v1-test-509,4.0
boostcamp-sts-v1-test-510,1.3
boostcamp-sts-v1-test-511,1.3
boostcamp-sts-v1-test-512,0.0
boostcamp-sts-v1-test-513,2.0
boostcamp-sts-v1-test-514,0.8
boostcamp-sts-v1-test-515,1.0
boostcamp-sts-v1-test-516,0.9
boostcamp-sts-v1-test-517,2.3
boostcamp-sts-v1-test-518,4.9
boostcamp-sts-v1-test-519,0.7
boostcamp-sts-v1-test-520,0.7
boostcamp-sts-v1-test-521,2.8
boostcamp-sts-v1-test-522,1.4
boostcamp-sts-v1-test-523,2.8
boostcamp-sts-v1-test-524,1.5
boostcamp-sts-v1-test-525,3.2
boostcamp-sts-v1-test-526,1.9
boostcamp-sts-v1-test-527,0.8
boostcamp-sts-v1-test-528,1.7
boostcamp-sts-v1-test-529,4.0
boostcamp-sts-v1-test-530,4.7
boostcamp-sts-v1-test-531,1.4
boostcamp-sts-v1-test-532,0.0
boostcamp-sts-v1-test-533,1.5
boostcamp-sts-v1-test-534,1.5
boostcamp-sts-v1-test-535,4.4
boostcamp-sts-v1-test-536,3.9
boostcamp-sts-v1-test-537,3.7
boostcamp-sts-v1-test-538,1.5
boostcamp-sts-v1-test-539,0.1
boostcamp-sts-v1-test-540,1.3
boostcamp-sts-v1-test-541,4.6
boostcamp-sts-v1-test-542,2.9
boostcamp-sts-v1-test-543,1.0
boostcamp-sts-v1-test-544,1.5
boostcamp-sts-v1-test-545,2.4
boostcamp-sts-v1-test-546,5.3
boostcamp-sts-v1-test-547,5.0
boostcamp-sts-v1-test-548,2.6
boostcamp-sts-v1-test-549,2.3
boostcamp-sts-v1-test-550,0.7
boostcamp-sts-v1-test-551,0.4
boostcamp-sts-v1-test-552,2.4
boostcamp-sts-v1-test-553,3.4
boostcamp-sts-v1-test-554,5.0
boostcamp-sts-v1-test-555,3.8
boostcamp-sts-v1-test-556,1.6
boostcamp-sts-v1-test-557,1.8
boostcamp-sts-v1-test-558,2.1
boostcamp-sts-v1-test-559,3.7
boostcamp-sts-v1-test-560,4.4
boostcamp-sts-v1-test-561,4.5
boostcamp-sts-v1-test-562,0.8
boostcamp-sts-v1-test-563,2.0
boostcamp-sts-v1-test-564,0.8
boostcamp-sts-v1-test-565,3.9
boostcamp-sts-v1-test-566,3.5
boostcamp-sts-v1-test-567,4.0
boostcamp-sts-v1-test-568,3.6
boostcamp-sts-v1-test-569,5.1
boostcamp-sts-v1-test-570,1.7
boostcamp-sts-v1-test-571,2.4
boostcamp-sts-v1-test-572,3.2
boostcamp-sts-v1-test-573,3.0
boostcamp-sts-v1-test-574,1.9
boostcamp-sts-v1-test-575,4.5
boostcamp-sts-v1-test-576,4.2
boostcamp-sts-v1-test-577,0.3
boostcamp-sts-v1-test-578,0.9
boostcamp-sts-v1-test-579,2.0
boostcamp-sts-v1-test-580,4.0
boostcamp-sts-v1-test-581,0.2
boostcamp-sts-v1-test-582,0.3
boostcamp-sts-v1-test-583,4.5
boostcamp-sts-v1-test-584,2.1
boostcamp-sts-v1-test-585,4.2
boostcamp-sts-v1-test-586,2.9
boostcamp-sts-v1-test-587,0.4
boostcamp-sts-v1-test-588,4.3
boostcamp-sts-v1-test-589,1.1
boostcamp-sts-v1-test-590,2.7
boostcamp-sts-v1-test-591,3.5
boostcamp-sts-v1-test-592,2.4
boostcamp-sts-v1-test-593,4.3
boostcamp-sts-v1-test-594,3.8
boostcamp-sts-v1-test-595,0.3
boostcamp-sts-v1-test-596,4.3
boostcamp-sts-v1-test-597,3.9
boostcamp-sts-v1-test-598,3.2
boostcamp-sts-v1-test-599,2.5
boostcamp-sts-v1-test-600,2.6
boostcamp-sts-v1-test-601,2.6
boostcamp-sts-v1-test-602,4.0
boostcamp-sts-v1-test-603,3.0
boostcamp-sts-v1-test-604,4.6
boostcamp-sts-v1-test-605,0.8
boostcamp-sts-v1-test-606,2.5
boostcamp-sts-v1-test-607,2.0
boostcamp-sts-v1-test-608,-0.1
boostcamp-sts-v1-test-609,1.3
boostcamp-sts-v1-test-610,4.2
boostcamp-sts-v1-test-611,3.7
boostcamp-sts-v1-test-612,4.4
boostcamp-sts-v1-test-613,1.3
boostcamp-sts-v1-test-614,1.0
boostcamp-sts-v1-test-615,3.5
boostcamp-sts-v1-test-616,2.9
boostcamp-sts-v1-test-617,2.6
boostcamp-sts-v1-test-618,3.5
boostcamp-sts-v1-test-619,1.7
boostcamp-sts-v1-test-620,1.5
boostcamp-sts-v1-test-621,2.3
boostcamp-sts-v1-test-622,2.2
boostcamp-sts-v1-test-623,3.6
boostcamp-sts-v1-test-624,4.5
boostcamp-sts-v1-test-625,0.1
boostcamp-sts-v1-test-626,3.9
boostcamp-sts-v1-test-627,5.0
boostcamp-sts-v1-test-628,2.2
boostcamp-sts-v1-test-629,0.4
boostcamp-sts-v1-test-630,1.1
boostcamp-sts-v1-test-631,1.7
boostcamp-sts-v1-test-632,0.8
boostcamp-sts-v1-test-633,3.5
boostcamp-sts-v1-test-634,0.4
boostcamp-sts-v1-test-635,2.5
boostcamp-sts-v1-test-636,2.6
boostcamp-sts-v1-test-637,0.3
boostcamp-sts-v1-test-638,3.5
boostcamp-sts-v1-test-639,4.5
boostcamp-sts-v1-test-640,2.4
boostcamp-sts-v1-test-641,3.5
boostcamp-sts-v1-test-642,0.8
boostcamp-sts-v1-test-643,3.0
boostcamp-sts-v1-test-644,2.5
boostcamp-sts-v1-test-645,0.8
boostcamp-sts-v1-test-646,4.7
boostcamp-sts-v1-test-647,3.3
boostcamp-sts-v1-test-648,0.8
boostcamp-sts-v1-test-649,1.8
boostcamp-sts-v1-test-650,3.8
boostcamp-sts-v1-test-651,2.3
boostcamp-sts-v1-test-652,4.4
boostcamp-sts-v1-test-653,0.7
boostcamp-sts-v1-test-654,2.0
boostcamp-sts-v1-test-655,2.6
boostcamp-sts-v1-test-656,5.2
boostcamp-sts-v1-test-657,0.8
boostcamp-sts-v1-test-658,1.7
boostcamp-sts-v1-test-659,4.7
boostcamp-sts-v1-test-660,4.2
boostcamp-sts-v1-test-661,-0.0
boostcamp-sts-v1-test-662,2.6
boostcamp-sts-v1-test-663,3.4
boostcamp-sts-v1-test-664,1.8
boostcamp-sts-v1-test-665,1.8
boostcamp-sts-v1-test-666,1.2
boostcamp-sts-v1-test-667,3.3
boostcamp-sts-v1-test-668,2.3
boostcamp-sts-v1-test-669,4.2
boostcamp-sts-v1-test-670,2.8
boostcamp-sts-v1-test-671,4.0
boostcamp-sts-v1-test-672,2.6
boostcamp-sts-v1-test-673,4.8
boostcamp-sts-v1-test-674,0.8
boostcamp-sts-v1-test-675,3.8
boostcamp-sts-v1-test-676,2.9
boostcamp-sts-v1-test-677,2.8
boostcamp-sts-v1-test-678,4.4
boostcamp-sts-v1-test-679,3.5
boostcamp-sts-v1-test-680,0.7
boostcamp-sts-v1-test-681,1.3
boostcamp-sts-v1-test-682,1.5
boostcamp-sts-v1-test-683,3.8
boostcamp-sts-v1-test-684,3.5
boostcamp-sts-v1-test-685,2.8
boostcamp-sts-v1-test-686,4.5
boostcamp-sts-v1-test-687,4.2
boostcamp-sts-v1-test-688,4.6
boostcamp-sts-v1-test-689,1.1
boostcamp-sts-v1-test-690,3.8
boostcamp-sts-v1-test-691,4.2
boostcamp-sts-v1-test-692,0.1
boostcamp-sts-v1-test-693,5.1
boostcamp-sts-v1-test-694,2.1
boostcamp-sts-v1-test-695,4.0
boostcamp-sts-v1-test-696,1.8
boostcamp-sts-v1-test-697,4.0
boostcamp-sts-v1-test-698,4.6
boostcamp-sts-v1-test-699,0.5
boostcamp-sts-v1-test-700,5.0
boostcamp-sts-v1-test-701,0.1
boostcamp-sts-v1-test-702,2.6
boostcamp-sts-v1-test-703,1.4
boostcamp-sts-v1-test-704,1.8
boostcamp-sts-v1-test-705,3.2
boostcamp-sts-v1-test-706,3.0
boostcamp-sts-v1-test-707,3.1
boostcamp-sts-v1-test-708,3.0
boostcamp-sts-v1-test-709,4.0
boostcamp-sts-v1-test-710,0.7
boostcamp-sts-v1-test-711,1.8
boostcamp-sts-v1-test-712,4.9
boostcamp-sts-v1-test-713,3.1
boostcamp-sts-v1-test-714,3.3
boostcamp-sts-v1-test-715,-0.1
boostcamp-sts-v1-test-716,3.3
boostcamp-sts-v1-test-717,4.7
boostcamp-sts-v1-test-718,4.0
boostcamp-sts-v1-test-719,4.6
boostcamp-sts-v1-test-720,4.6
boostcamp-sts-v1-test-721,5.0
boostcamp-sts-v1-test-722,0.1
boostcamp-sts-v1-test-723,-0.0
boostcamp-sts-v1-test-724,0.6
boostcamp-sts-v1-test-725,1.4
boostcamp-sts-v1-test-726,1.6
boostcamp-sts-v1-test-727,4.3
boostcamp-sts-v1-test-728,3.2
boostcamp-sts-v1-test-729,4.7
boostcamp-sts-v1-test-730,2.2
boostcamp-sts-v1-test-731,1.9
boostcamp-sts-v1-test-732,2.7
boostcamp-sts-v1-test-733,3.5
boostcamp-sts-v1-test-734,2.4
boostcamp-sts-v1-test-735,4.3
boostcamp-sts-v1-test-736,2.4
boostcamp-sts-v1-test-737,4.1
boostcamp-sts-v1-test-738,2.5
boostcamp-sts-v1-test-739,2.6
boostcamp-sts-v1-test-740,2.6
boostcamp-sts-v1-test-741,1.5
boostcamp-sts-v1-test-742,2.4
boostcamp-sts-v1-test-743,4.6
boostcamp-sts-v1-test-744,3.0
boostcamp-sts-v1-test-745,3.9
boostcamp-sts-v1-test-746,3.0
boostcamp-sts-v1-test-747,2.7
boostcamp-sts-v1-test-748,3.7
boostcamp-sts-v1-test-749,1.4
boostcamp-sts-v1-test-750,4.2
boostcamp-sts-v1-test-751,4.1
boostcamp-sts-v1-test-752,-0.1
boostcamp-sts-v1-test-753,1.2
boostcamp-sts-v1-test-754,0.8
boostcamp-sts-v1-test-755,2.6
boostcamp-sts-v1-test-756,3.7
boostcamp-sts-v1-test-757,2.3
boostcamp-sts-v1-test-758,1.9
boostcamp-sts-v1-test-759,0.9
boostcamp-sts-v1-test-760,4.0
boostcamp-sts-v1-test-761,1.4
boostcamp-sts-v1-test-762,3.6
boostcamp-sts-v1-test-763,5.1
boostcamp-sts-v1-test-764,3.6
boostcamp-sts-v1-test-765,0.4
boostcamp-sts-v1-test-766,1.5
boostcamp-sts-v1-test-767,2.8
boostcamp-sts-v1-test-768,5.2
boostcamp-sts-v1-test-769,2.5
boostcamp-sts-v1-test-770,4.6
boostcamp-sts-v1-test-771,3.4
boostcamp-sts-v1-test-772,0.5
boostcamp-sts-v1-test-773,1.6
boostcamp-sts-v1-test-774,0.3
boostcamp-sts-v1-test-775,3.6
boostcamp-sts-v1-test-776,4.0
boostcamp-sts-v1-test-777,3.6
boostcamp-sts-v1-test-778,3.1
boostcamp-sts-v1-test-779,1.3
boostcamp-sts-v1-test-780,1.3
boostcamp-sts-v1-test-781,2.8
boostcamp-sts-v1-test-782,2.8
boostcamp-sts-v1-test-783,3.9
boostcamp-sts-v1-test-784,4.8
boostcamp-sts-v1-test-785,1.9
boostcamp-sts-v1-test-786,1.5
boostcamp-sts-v1-test-787,3.7
boostcamp-sts-v1-test-788,2.2
boostcamp-sts-v1-test-789,0.2
boostcamp-sts-v1-test-790,2.5
boostcamp-sts-v1-test-791,2.2
boostcamp-sts-v1-test-792,2.1
boostcamp-sts-v1-test-793,0.8
boostcamp-sts-v1-test-794,2.5
boostcamp-sts-v1-test-795,5.2
boostcamp-sts-v1-test-796,2.9
boostcamp-sts-v1-test-797,3.7
boostcamp-sts-v1-test-798,0.3
boostcamp-sts-v1-test-799,3.0
boostcamp-sts-v1-test-800,0.2
boostcamp-sts-v1-test-801,2.2
boostcamp-sts-v1-test-802,3.1
boostcamp-sts-v1-test-803,2.1
boostcamp-sts-v1-test-804,1.9
boostcamp-sts-v1-test-805,0.2
boostcamp-sts-v1-test-806,1.0
boostcamp-sts-v1-test-807,2.9
boostcamp-sts-v1-test-808,3.8
boostcamp-sts-v1-test-809,2.2
boostcamp-sts-v1-test-810,3.9
boostcamp-sts-v1-test-811,3.7
boostcamp-sts-v1-test-812,2.2
boostcamp-sts-v1-test-813,4.1
boostcamp-sts-v1-test-814,1.8
boostcamp-sts-v1-test-815,1.1
boostcamp-sts-v1-test-816,2.0
boostcamp-sts-v1-test-817,2.6
boostcamp-sts-v1-test-818,3.7
boostcamp-sts-v1-test-819,4.2
boostcamp-sts-v1-test-820,1.8
boostcamp-sts-v1-test-821,1.3
boostcamp-sts-v1-test-822,1.2
boostcamp-sts-v1-test-823,3.6
boostcamp-sts-v1-test-824,0.3
boostcamp-sts-v1-test-825,1.3
boostcamp-sts-v1-test-826,4.1
boostcamp-sts-v1-test-827,5.0
boostcamp-sts-v1-test-828,2.6
boostcamp-sts-v1-test-829,3.0
boostcamp-sts-v1-test-830,1.9
boostcamp-sts-v1-test-831,0.8
boostcamp-sts-v1-test-832,3.2
boostcamp-sts-v1-test-833,1.1
boostcamp-sts-v1-test-834,2.4
boostcamp-sts-v1-test-835,2.5
boostcamp-sts-v1-test-836,4.8
boostcamp-sts-v1-test-837,3.6
boostcamp-sts-v1-test-838,3.4
boostcamp-sts-v1-test-839,0.6
boostcamp-sts-v1-test-840,1.2
boostcamp-sts-v1-test-841,4.2
boostcamp-sts-v1-test-842,4.3
boostcamp-sts-v1-test-843,4.1
boostcamp-sts-v1-test-844,1.5
boostcamp-sts-v1-test-845,3.5
boostcamp-sts-v1-test-846,4.7
boostcamp-sts-v1-test-847,4.3
boostcamp-sts-v1-test-848,4.2
boostcamp-sts-v1-test-849,1.1
boostcamp-sts-v1-test-850,1.6
boostcamp-sts-v1-test-851,1.6
boostcamp-sts-v1-test-852,4.0
boostcamp-sts-v1-test-853,1.5
boostcamp-sts-v1-test-854,3.7
boostcamp-sts-v1-test-855,3.7
boostcamp-sts-v1-test-856,2.2
boostcamp-sts-v1-test-857,0.7
boostcamp-sts-v1-test-858,1.6
boostcamp-sts-v1-test-859,0.3
boostcamp-sts-v1-test-860,5.0
boostcamp-sts-v1-test-861,1.2
boostcamp-sts-v1-test-862,3.4
boostcamp-sts-v1-test-863,4.7
boostcamp-sts-v1-test-864,5.3
boostcamp-sts-v1-test-865,2.7
boostcamp-sts-v1-test-866,1.4
boostcamp-sts-v1-test-867,-0.1
boostcamp-sts-v1-test-868,3.3
boostcamp-sts-v1-test-869,0.7
boostcamp-sts-v1-test-870,4.7
boostcamp-sts-v1-test-871,2.9
boostcamp-sts-v1-test-872,0.7
boostcamp-sts-v1-test-873,2.9
boostcamp-sts-v1-test-874,2.8
boostcamp-sts-v1-test-875,1.0
boostcamp-sts-v1-test-876,5.0
boostcamp-sts-v1-test-877,0.3
boostcamp-sts-v1-test-878,3.3
boostcamp-sts-v1-test-879,2.0
boostcamp-sts-v1-test-880,4.1
boostcamp-sts-v1-test-881,4.6
boostcamp-sts-v1-test-882,3.1
boostcamp-sts-v1-test-883,3.9
boostcamp-sts-v1-test-884,3.6
boostcamp-sts-v1-test-885,4.0
boostcamp-sts-v1-test-886,2.5
boostcamp-sts-v1-test-887,3.9
boostcamp-sts-v1-test-888,2.6
boostcamp-sts-v1-test-889,4.8
boostcamp-sts-v1-test-890,3.9
boostcamp-sts-v1-test-891,2.5
boostcamp-sts-v1-test-892,3.4
boostcamp-sts-v1-test-893,4.3
boostcamp-sts-v1-test-894,1.4
boostcamp-sts-v1-test-895,4.0
boostcamp-sts-v1-test-896,2.8
boostcamp-sts-v1-test-897,2.0
boostcamp-sts-v1-test-898,-0.1
boostcamp-sts-v1-test-899,3.7
boostcamp-sts-v1-test-900,0.3
boostcamp-sts-v1-test-901,1.2
boostcamp-sts-v1-test-902,0.8
boostcamp-sts-v1-test-903,3.0
boostcamp-sts-v1-test-904,1.7
boostcamp-sts-v1-test-905,2.8
boostcamp-sts-v1-test-906,3.9
boostcamp-sts-v1-test-907,1.9
boostcamp-sts-v1-test-908,0.1
boostcamp-sts-v1-test-909,3.9
boostcamp-sts-v1-test-910,4.1
boostcamp-sts-v1-test-911,0.7
boostcamp-sts-v1-test-912,2.2
boostcamp-sts-v1-test-913,4.0
boostcamp-sts-v1-test-914,1.7
boostcamp-sts-v1-test-915,2.8
boostcamp-sts-v1-test-916,3.0
boostcamp-sts-v1-test-917,4.6
boostcamp-sts-v1-test-918,5.0
boostcamp-sts-v1-test-919,4.8
boostcamp-sts-v1-test-920,3.3
boostcamp-sts-v1-test-921,4.0
boostcamp-sts-v1-test-922,3.2
boostcamp-sts-v1-test-923,5.2
boostcamp-sts-v1-test-924,5.3
boostcamp-sts-v1-test-925,0.9
boostcamp-sts-v1-test-926,1.1
boostcamp-sts-v1-test-927,5.1
boostcamp-sts-v1-test-928,5.0
boostcamp-sts-v1-test-929,4.6
boostcamp-sts-v1-test-930,5.3
boostcamp-sts-v1-test-931,3.2
boostcamp-sts-v1-test-932,1.6
boostcamp-sts-v1-test-933,1.5
boostcamp-sts-v1-test-934,3.9
boostcamp-sts-v1-test-935,-0.0
boostcamp-sts-v1-test-936,2.4
boostcamp-sts-v1-test-937,4.0
boostcamp-sts-v1-test-938,1.7
boostcamp-sts-v1-test-939,3.7
boostcamp-sts-v1-test-940,5.0
boostcamp-sts-v1-test-941,4.2
boostcamp-sts-v1-test-942,3.1
boostcamp-sts-v1-test-943,2.7
boostcamp-sts-v1-test-944,3.5
boostcamp-sts-v1-test-945,-0.1
boostcamp-sts-v1-test-946,0.5
boostcamp-sts-v1-test-947,2.2
boostcamp-sts-v1-test-948,5.2
boostcamp-sts-v1-test-949,3.5
boostcamp-sts-v1-test-950,3.3
boostcamp-sts-v1-test-951,3.7
boostcamp-sts-v1-test-952,0.6
boostcamp-sts-v1-test-953,4.1
boostcamp-sts-v1-test-954,3.8
boostcamp-sts-v1-test-955,4.8
boostcamp-sts-v1-test-956,1.9
boostcamp-sts-v1-test-957,2.9
boostcamp-sts-v1-test-958,3.1
boostcamp-sts-v1-test-959,1.9
boostcamp-sts-v1-test-960,4.3
boostcamp-sts-v1-test-961,3.8
boostcamp-sts-v1-test-962,3.1
boostcamp-sts-v1-test-963,5.1
boostcamp-sts-v1-test-964,4.3
boostcamp-sts-v1-test-965,2.4
boostcamp-sts-v1-test-966,1.2
boostcamp-sts-v1-test-967,3.0
boostcamp-sts-v1-test-968,3.5
boostcamp-sts-v1-test-969,0.2
boostcamp-sts-v1-test-970,2.6
boostcamp-sts-v1-test-971,1.6
boostcamp-sts-v1-test-972,1.8
boostcamp-sts-v1-test-973,2.7
boostcamp-sts-v1-test-974,3.0
boostcamp-sts-v1-test-975,2.3
boostcamp-sts-v1-test-976,1.6
boostcamp-sts-v1-test-977,3.0
boostcamp-sts-v1-test-978,3.3
boostcamp-sts-v1-test-979,3.9
boostcamp-sts-v1-test-980,1.5
boostcamp-sts-v1-test-981,3.3
boostcamp-sts-v1-test-982,3.8
boostcamp-sts-v1-test-983,1.8
boostcamp-sts-v1-test-984,4.4
boostcamp-sts-v1-test-985,0.9
boostcamp-sts-v1-test-986,2.1
boostcamp-sts-v1-test-987,3.2
boostcamp-sts-v1-test-988,5.1
boostcamp-sts-v1-test-989,3.2
boostcamp-sts-v1-test-990,1.7
boostcamp-sts-v1-test-991,4.5
boostcamp-sts-v1-test-992,4.1
boostcamp-sts-v1-test-993,0.7
boostcamp-sts-v1-test-994,1.2
boostcamp-sts-v1-test-995,1.3
boostcamp-sts-v1-test-996,3.5
boostcamp-sts-v1-test-997,3.5
boostcamp-sts-v1-test-998,2.7
boostcamp-sts-v1-test-999,3.5
boostcamp-sts-v1-test-1000,4.5
boostcamp-sts-v1-test-1001,4.2
boostcamp-sts-v1-test-1002,1.2
boostcamp-sts-v1-test-1003,3.9
boostcamp-sts-v1-test-1004,5.0
boostcamp-sts-v1-test-1005,3.7
boostcamp-sts-v1-test-1006,3.8
boostcamp-sts-v1-test-1007,-0.1
boostcamp-sts-v1-test-1008,2.5
boostcamp-sts-v1-test-1009,0.7
boostcamp-sts-v1-test-1010,0.3
boostcamp-sts-v1-test-1011,4.8
boostcamp-sts-v1-test-1012,1.1
boostcamp-sts-v1-test-1013,3.1
boostcamp-sts-v1-test-1014,3.4
boostcamp-sts-v1-test-1015,3.2
boostcamp-sts-v1-test-1016,3.8
boostcamp-sts-v1-test-1017,4.1
boostcamp-sts-v1-test-1018,0.7
boostcamp-sts-v1-test-1019,3.8
boostcamp-sts-v1-test-1020,3.0
boostcamp-sts-v1-test-1021,0.8
boostcamp-sts-v1-test-1022,0.8
boostcamp-sts-v1-test-1023,3.5
boostcamp-sts-v1-test-1024,3.9
boostcamp-sts-v1-test-1025,3.8
boostcamp-sts-v1-test-1026,1.7
boostcamp-sts-v1-test-1027,4.0
boostcamp-sts-v1-test-1028,1.5
boostcamp-sts-v1-test-1029,5.2
boostcamp-sts-v1-test-1030,1.1
boostcamp-sts-v1-test-1031,4.8
boostcamp-sts-v1-test-1032,1.8
boostcamp-sts-v1-test-1033,5.3
boostcamp-sts-v1-test-1034,3.7
boostcamp-sts-v1-test-1035,2.0
boostcamp-sts-v1-test-1036,2.1
boostcamp-sts-v1-test-1037,1.1
boostcamp-sts-v1-test-1038,2.6
boostcamp-sts-v1-test-1039,4.8
boostcamp-sts-v1-test-1040,3.6
boostcamp-sts-v1-test-1041,0.8
boostcamp-sts-v1-test-1042,3.9
boostcamp-sts-v1-test-1043,3.8
boostcamp-sts-v1-test-1044,3.2
boostcamp-sts-v1-test-1045,4.3
boostcamp-sts-v1-test-1046,4.7
boostcamp-sts-v1-test-1047,3.5
boostcamp-sts-v1-test-1048,0.8
boostcamp-sts-v1-test-1049,1.7
boostcamp-sts-v1-test-1050,4.8
boostcamp-sts-v1-test-1051,4.7
boostcamp-sts-v1-test-1052,1.7
boostcamp-sts-v1-test-1053,0.1
boostcamp-sts-v1-test-1054,1.2
boostcamp-sts-v1-test-1055,4.2
boostcamp-sts-v1-test-1056,4.3
boostcamp-sts-v1-test-1057,0.8
boostcamp-sts-v1-test-1058,1.2
boostcamp-sts-v1-test-1059,4.3
boostcamp-sts-v1-test-1060,4.9
boostcamp-sts-v1-test-1061,2.0
boostcamp-sts-v1-test-1062,5.4
boostcamp-sts-v1-test-1063,3.8
boostcamp-sts-v1-test-1064,0.9
boostcamp-sts-v1-test-1065,1.0
boostcamp-sts-v1-test-1066,2.0
boostcamp-sts-v1-test-1067,4.0
boostcamp-sts-v1-test-1068,4.0
boostcamp-sts-v1-test-1069,2.3
boostcamp-sts-v1-test-1070,4.5
boostcamp-sts-v1-test-1071,0.2
boostcamp-sts-v1-test-1072,5.3
boostcamp-sts-v1-test-1073,1.4
boostcamp-sts-v1-test-1074,3.7
boostcamp-sts-v1-test-1075,2.0
boostcamp-sts-v1-test-1076,3.6
boostcamp-sts-v1-test-1077,-0.1
boostcamp-sts-v1-test-1078,3.9
boostcamp-sts-v1-test-1079,3.1
boostcamp-sts-v1-test-1080,4.1
boostcamp-sts-v1-test-1081,3.4
boostcamp-sts-v1-test-1082,2.7
boostcamp-sts-v1-test-1083,1.7
boostcamp-sts-v1-test-1084,1.4
boostcamp-sts-v1-test-1085,2.1
boostcamp-sts-v1-test-1086,1.4
boostcamp-sts-v1-test-1087,3.5
boostcamp-sts-v1-test-1088,3.3
boostcamp-sts-v1-test-1089,1.1
boostcamp-sts-v1-test-1090,-0.1
boostcamp-sts-v1-test-1091,4.8
boostcamp-sts-v1-test-1092,2.1
boostcamp-sts-v1-test-1093,4.5
boostcamp-sts-v1-test-1094,4.5
boostcamp-sts-v1-test-1095,1.4
boostcamp-sts-v1-test-1096,4.4
boostcamp-sts-v1-test-1097,3.7
boostcamp-sts-v1-test-1098,3.8
boostcamp-sts-v1-test-1099,5.0
